<?xml version="1.0" encoding="utf-8"?>
<!--Created using XmlSitemapGenerator.org - Free HTML, RSS and XML sitemap generator-->
<rss version="2.0">
  <channel>
    <title>OK</title>
    <link>http://www.dropshipnow.ml</link>
    <description />
    <item>
      <guid>http://www.dropshipnow.ml/</guid>
      <title>OK</title>
      <link>http://www.dropshipnow.ml/</link>
      <description />
    </item>
  </channel>
</rss>
<!--<guid value="6124fade-db1e-4f39-aebc-017ec7a98fe0" />-->
<!--Created using XmlSitemapGenerator.org - Free HTML, RSS and XML sitemap generator-->